name,nmol,charge,massdiff,oidscore,quasi,ips,frag_score
[M+H]+,1,1,1.007276,1,1,1,1
[M+2H]2+,1,2,2.014552,2,0,0.75,3
[M+3H]3+,1,3,3.021828,3,0,0.75,3
[M+H+Na]2+,1,2,23.996494,4,0,0.5,2
[M+H+K]2+,1,2,39.970434,6,0,0.5,2
[M+H+NH4]2+,1,2,19.041099,7,0,0.5,2
[M+Na]+,1,1,22.989218,8,1,1,2
[M+2Na]2+,1,2,45.978436,9,0,0.5,3
[M+K]+,1,1,38.963158,10,1,1,2
[M+Na+K]2+,1,2,61.952376,11,0,0.5,3
[M+2K]2+,1,2,77.926316,13,0,0.5,3
[M+NH4]+,1,1,18.033823,16,1,1,1
[M+2Na-H]+,1,1,44.97116,34,0,0.5,3
[M+2K-H]+,1,1,76.91904,60,0,0.5,3
[2M+H]+,2,1,1.007276,1,0,0.5,2
[2M+2H]2+,2,2,2.014552,2,0,0.5,3
[2M+3H]3+,2,3,3.021828,3,0,0.5,4
[2M+H+Na]2+,2,2,23.996494,4,0,0.5,3
[2M+H+K]2+,2,2,39.970434,6,0,0.5,3
[2M+H+NH4]2+,2,2,19.041099,7,0,0.5,3
[2M+Na]+,2,1,22.989218,8,0,0.5,3
[2M+2Na]2+,2,2,45.978436,9,0,0.5,4
[2M+K]+,2,1,38.963158,10,0,0.5,3
[2M+Na+K]2+,2,2,61.952376,11,0,0.5,4
[2M+2K]2+,2,2,77.926316,13,0,0.5,4
[2M+NH4]+,2,1,18.033823,16,0,0.5,3
[2M+2Na-H]+,2,1,44.97116,34,0,0.25,4
[2M+2K-H]+,2,1,76.91904,60,0,0.25,4